Grade,TotalDue,TotalPaid,AvgBalance,UnpaidCount,RecoveryRate
Form 1,494470,386822,200.04342857142856,140,0.7822961959269521
Form 2,437893,341934,205.45501955671446,124,0.7808619913997255
Form 3,357748,280324,198.71473851030112,94,0.7835795028903026
Form 4,196593,153134,198.55555555555554,50,0.7789392297792902
Form 5,133020,105315,191.82627118644066,37,0.791723049165539
Form 6,81973,59870,220.17142857142858,24,0.7303624364119893
